{"num_node_features": {"question": 1536, "answer": 1536, "comment": 768, "tag": 50, "module": 30}, "num_classes": 2, "_timestamp": 1677240272.4471564, "_runtime": 0.7328155040740967, "_step": 0, "_wandb": {"runtime": 2}}