{"num_node_features": {"question": 1536, "answer": 1536, "comment": 768, "tag": 50, "module": 30}, "num_classes": 2, "_timestamp": 1677242101.6094127, "_runtime": 10.035838603973389, "_step": 1, "data": {"_type": "table-file", "sha256": "83bbf864290b80cf8624948cb39add689e6cf983395c372d7f2e0d6c0428060e", "size": 1043, "artifact_path": "wandb-client-artifact://863t73fpwrp6ykcukcc21bact85uja8ocyt4sr3o24sx87ffv8mu1a1okyic0d1ez36u0jdb0eqhi2vjqxnuhx1hen1vp6dh1apc61sl5wnxd46d12rq2f6m3g22448i:latest/data.table.json", "_latest_artifact_path": "wandb-client-artifact://863t73fpwrp6ykcukcc21bact85uja8ocyt4sr3o24sx87ffv8mu1a1okyic0d1ez36u0jdb0eqhi2vjqxnuhx1hen1vp6dh1apc61sl5wnxd46d12rq2f6m3g22448i:latest/data.table.json", "path": "media/table/data_1_83bbf864290b80cf8624.table.json", "ncols": 4, "nrows": 46}}