{"num_node_features": {"question": 1536, "answer": 1536, "comment": 768, "tag": 50, "module": 30}, "num_classes": 2, "_timestamp": 1677257367.3117383, "_runtime": 14.413273334503174, "_step": 1, "data": {"_type": "table-file", "sha256": "c6f93943b18e073269a2d1d6628dcff11004c50c31997b85db1c38eb4d3ee705", "size": 168981715, "artifact_path": "wandb-client-artifact://hv6lz548u75ee8heqp2ydqp1se95hy6zvi90gh0ruta1wkubqll9d5zfgw3wa1ivpxy7xposf3m8cu8d3gk78bap3xksmydvpg062g8pqcdwxqv4yjt2pule4k9zjh1r:latest/data.table.json", "_latest_artifact_path": "wandb-client-artifact://hv6lz548u75ee8heqp2ydqp1se95hy6zvi90gh0ruta1wkubqll9d5zfgw3wa1ivpxy7xposf3m8cu8d3gk78bap3xksmydvpg062g8pqcdwxqv4yjt2pule4k9zjh1r:latest/data.table.json", "path": "media/table/data_1_c6f93943b18e073269a2.table.json", "ncols": 4, "nrows": 46}, "_wandb": {"runtime": 15}}