{"num_node_features": {"question": 1536, "answer": 1536, "comment": 768, "tag": 50, "module": 30}, "num_classes": 2, "_timestamp": 1677260424.5856166, "_runtime": 18.999757528305054, "_step": 1, "data": {"_type": "table-file", "sha256": "bd46f8c867852194ff48d33cc88300db5531679767c840983c0a2ea35e2039bb", "size": 168981951, "artifact_path": "wandb-client-artifact://4nakilaxnbfhec0sr6p5q2mo15l2pb8cqx1uf44zjsi6ehlz4jr84sv0chd7m2i1kt6ncxobds6cgdntevezg058cmbbtqkeq2gyy96tx99n6aqbzxz6xt6e408s16vp:latest/data.table.json", "_latest_artifact_path": "wandb-client-artifact://4nakilaxnbfhec0sr6p5q2mo15l2pb8cqx1uf44zjsi6ehlz4jr84sv0chd7m2i1kt6ncxobds6cgdntevezg058cmbbtqkeq2gyy96tx99n6aqbzxz6xt6e408s16vp:latest/data.table.json", "path": "media/table/data_1_bd46f8c867852194ff48.table.json", "ncols": 4, "nrows": 46}, "_wandb": {"runtime": 19}}